need,awards,one_bid,sole_source,total_usd_k,median_hint_usd_k,distinct_buyers,distinct_vendors
forms_workflow_case,126,46,80,178726,1418,11,86
web_portal_content,56,13,43,92654,1655,12,44
training_lms,50,13,37,31891,638,9,42
scheduling_booking,41,19,22,31046,757,8,16
notification_comms,34,14,20,7162,211,8,24
research_data_tools,22,6,16,28766,1308,7,18
dashboard_reporting,22,6,16,40794,1854,8,20
inventory_asset_tracking,19,6,13,13709,722,4,14
facilities_ops_software,18,7,11,10071,559,3,7
documents_records_admin,15,7,8,13409,894,9,15
survey_feedback,14,1,13,17832,1274,7,12
meetings_media,14,2,12,17690,1264,7,10
