theme,awards,competed_but_one_bid,sole_source,total_usd_m,distinct_buyers,distinct_vendors,buyers
other,1732,625,1107,2840.5,15,772,Administration for Children and Families; Agency for Healthcare Research and Quality; Centers for Disease Control and Prevention; Centers for Medicare and Medicaid Services; Defense Health Agency; Department of Veterans Affairs; Food and Drug Administration; Health Resources and Services Administrat
infrastructure_ops,272,82,190,442.5,14,175,Administration for Children and Families; Agency for Healthcare Research and Quality; Centers for Disease Control and Prevention; Centers for Medicare and Medicaid Services; Defense Health Agency; Department of Veterans Affairs; Food and Drug Administration; Health Resources and Services Administrat
analytics_reporting,89,28,61,275.7,10,66,Centers for Disease Control and Prevention; Centers for Medicare and Medicaid Services; Defense Health Agency; Department of Veterans Affairs; Food and Drug Administration; Health Resources and Services Administration; Indian Health Service; National Institutes of Health; Office of the Assistant Sec
portal_web,70,13,57,129.2,11,59,Administration for Children and Families; Centers for Disease Control and Prevention; Centers for Medicare and Medicaid Services; Department of Veterans Affairs; Food and Drug Administration; Health Resources and Services Administration; Indian Health Service; National Institutes of Health; Office o
clinical_it_ehr,74,18,56,89.2,6,35,Centers for Disease Control and Prevention; Defense Health Agency; Department of Veterans Affairs; Food and Drug Administration; Health Resources and Services Administration; Indian Health Service
document_processing,46,17,29,63.5,9,36,Centers for Medicare and Medicaid Services; Defense Health Agency; Department of Veterans Affairs; Food and Drug Administration; Indian Health Service; National Institutes of Health; Office of the Assistant Secretary for Administration; Office of the Assistant Secretary for Financial Resources; Subs
call_center_contact,13,2,11,54.8,6,11,Administration for Children and Families; Centers for Disease Control and Prevention; Defense Health Agency; Department of Veterans Affairs; Food and Drug Administration; Office of the Assistant Secretary for Financial Resources
scheduling_referral_community_care,46,24,22,48.6,8,23,Defense Health Agency; Department of Veterans Affairs; Food and Drug Administration; Indian Health Service; National Institutes of Health; Office of Assistant Secretary for Preparedness and Response; Office of the Assistant Secretary for Administration; Office of the Assistant Secretary for Financia
grants_contracts_admin,27,7,20,40.1,8,18,Administration for Children and Families; Centers for Medicare and Medicaid Services; Defense Health Agency; Department of Veterans Affairs; Indian Health Service; National Institutes of Health; Office of the Assistant Secretary for Administration; Office of the Assistant Secretary for Financial Res
claims_payment_integrity,16,5,11,38.9,4,15,Centers for Medicare and Medicaid Services; Department of Veterans Affairs; Indian Health Service; National Institutes of Health
registry_surveillance,22,6,16,33.3,6,16,Centers for Disease Control and Prevention; Centers for Medicare and Medicaid Services; Defense Health Agency; Department of Veterans Affairs; Health Resources and Services Administration; Office of the Assistant Secretary for Financial Resources
survey_measurement,10,1,9,25.9,6,9,Centers for Disease Control and Prevention; Centers for Medicare and Medicaid Services; Defense Health Agency; Department of Veterans Affairs; Indian Health Service; Office of the Assistant Secretary for Administration
credentialing_provider_data,11,3,8,19.3,5,8,Centers for Disease Control and Prevention; Department of Veterans Affairs; Indian Health Service; Office of the Assistant Secretary for Administration; Office of the Assistant Secretary for Financial Resources
