solicitation,title,due,responders,names,clear_roads,software_like
1064045,Statewide Ports and Waterways Plan Update,10/08/2026,,,False,False
1064344,Contaminated Materials SRC Technical Support Team,10/06/2026,,,False,False
1063927,ROC 52 ADA Project: Preliminary and Final Design Services,09/30/2026,,,False,False
1063984,Transitioning the Annual Survey of State Winter Maintenance Data to a Web-based Tool,09/29/2026,,,True,True
1063985,Identifying an Appropriate Friction Test Method for the Qualified Products List,09/29/2026,,,True,False
1063983,In-Depth Cost Analysis of Liquid and Solid Deicing Materials,09/29/2026,,,True,False
1063601,Spring Valley Right of Way Acquisition for US 63,09/23/2026,4,"Henning Professional Services, Inc.; Short Elliott Hendrickson, Inc.; SRF Consulting Group, Inc.; WSB LLC",False,False
1063905,Truck Electrification Needs Assessment,09/23/2026,12,"19Y Advisors, LLC; Center for Transportation and the Environment, Inc.; ElectroTempo, Inc.; Harris Miller Miller & Hanson Inc.; HDR Engineering, Inc.; ICF Incorporated, LLC; Michigan State University; Rocky Mountain Institues (RMI); SRF Consulting Group, Inc.; Texas A&M Transportation Institute; University of South Carolina; WSP USA, Inc.",False,False
1064034,Model as Legal Document (MALD) Bridge Support,09/22/2026,2,"AECOM Technical Services, Inc.; HDR Engineering, Inc.",False,False
1063943,Road Weather Management TSMO Tactical Plan,09/22/2026,5,"AECOM Technical Services, Inc.; Athey Creek Consultants, LLC; Bolton & Menk, Inc.; SRF Consulting Group, Inc.; WSB LLC",True,False
1063806,Parcel Polygon Creation,09/08/2026,9,"Alliant Engineering, Incorporated; Bolton & Menk, Inc.; CBS Squared, Inc.; Houston Engineering, Inc.; Interstate Engineering, Inc.; KLJ Engineering LLC; Short Elliott Hendrickson, Inc.; SRF Consulting Group, Inc.; WSB LLC",False,False
1060859,Laboratory Assessment of Pre-Wetting Application Rates-REPOSTED,08/28/2026,1,Montana State University,True,False
1060856,Materials and Guidance to Maximize the Value of a Weather Services Contract-REPOSTED,08/28/2026,4,"Athey Creek Consultants, LLC; Iowa State University; Montana State University; Stonebrooke Engineering, Inc.",True,False
1063872,"Final Design, SP 2735-212 TH 100",08/28/2026,2,HNTB Corporation; WSB LLC,False,False
1063721,Preliminary and Final design for TH 61 from Lester River to Superior Street,08/25/2026,8,"Alliant Engineering, Incorporated; Bolton & Menk, Inc.; HDR Engineering, Inc.; Kismet Consulting, Inc.; KLJ Engineering LLC; LHB, Inc.; Sambatek, LLC; Stonebrooke Engineering, Inc.",False,False
1063874,I494 Design Build Project 2 Contaminated and Regulated Materials Oversight,08/20/2026,2,"Bay West, LLC; Short Elliot Hendrickson, Inc.",False,False
1063371,I-94 Fish Lake System Interchange Study,08/11/2026,4,"Bolton & Menk, Inc.; HDR Engineering, Inc.; SRF Consulting Group, Inc.; WSB LLC",False,False
1063579,MnDOT Moorhead to Duluth Corridor Crossing Elimination and Improvement Study,08/04/2026,3,"CPCS Transcom, Inc.; HDR Engineering, Inc.; Toltz, King, Duvall, Anderson and Associates, Inc.",False,False
1063367,"Final Design Plans for a Complete Plans, Specifications, and Estimates Submittal for SP 5508-130 and 2505-64",07/28/2026,6,"Alliant Engineering, Incorporated; Sambatek, LLC; SRF Consulting Group, Inc.; Stonebrooke Engineering, Inc.; Toltz, King, Duvall, Anderson and Associates, Inc.; WSB LLC",False,False
1063457,"Consultant Bridge Engineer/Inspection, SP 2758-75",07/24/2026,1,"HDR Engineering, Inc.",False,False
1062907,Corridors of Commerce Project 4 Readiness Advancement - Planning and Project Development to Improve Highway 15 from Highway 23 to highway 10,07/21/2026,5,"Alliant Engineering, Incorporated; Bolton & Menk, Inc.; HDR Engineering, Inc.; Stonebrooke Engineering, Inc.; WSB LLC",False,False
1063567,Railroad Crossing Inventory (SFY 2027),07/20/2026,10,"AECOM Technical Services, Inc.; Alliant Engineering, Incorporated; HDR Engineering, Inc.; KLJ Engineering LLC; Sambatek, LLC; Short Elliott Hendrickson, Inc.; SRF Consulting Group, Inc.; Stonebrooke Engineering, Inc.; Toltz, King, Duvall, Anderson and Associates, Inc.; WSB LLC",False,True
1060634,Wabasha Bridge Vessel Collision Study,07/17/2026,5,"HDR Engineering, Inc.; Michael Baker International, Inc.; Modjeski & Masters, Inc.; T.Y. Lin International Inc.; WSP USA, Inc.",False,False
1063529,Blatnik Bridge Structural Health Monitoring System Design and Implementation,07/16/2026,7,"Aecom Technical Services, Inc.; Barr Engineering Co.; HDR Engineering, Inc.; Smart Structures, LLC; Straam Group, Inc.; WSB LLC; WSP USA, Inc.",False,False
1063574,NEVI Round 3 Program Administration and Technical Assistance,07/14/2026,4,"HDR Engineering, Inc.; Kimley-Horn and Associates, Inc.; WSB LLC; WSP USA, Inc.",False,False
1063501,I494 Design Build Project 2 Verification Team,07/14/2026,1,WSB LLC,False,False
1063427,Communications and Engagement for Highway 62,07/09/2026,7,"Bolton & Menk, Inc.; Goff Public, Inc.; HDR Engineering, Inc.; Kimley-Horn and Associates, Inc.; SRF Consulting Group, Inc.; WSB LLC; Young Environmental Consulting Group LLC",False,False
1063489,Small Business One to One Technical Assistance,07/02/2026,4,"DRB Consulting, LLC; Elizabeth McMillan; Konesens Develpoment Corporation; Professional Engineering Services, Ltd.",False,False
1063484,Re-Envisioning the Minnesota Local Road Safety Plan Process,07/02/2026,5,"Fehr & Peers Inc.; HDR Engineering, Inc.; Kimley-Horn and Associates, Inc.; KLJ Engineering LLC; SRF Consulting Group, Inc.",False,False
1063331,Logo Sign Franchise Program,07/02/2026,2,"Blue Signs LLC; Minnesota Logos, Inc.",False,False
1063348,D1 Virginia HQ – SIT Services,06/25/2026,1,Braun Intertec Corporation,False,False
1063011,Hewitt Reconstruct and ADA Improvements,06/25/2026,3,"Isthmus Engineering, Inc.; Kismet Consulting, Inc.; Stonebrooke Engineering, Inc.",False,False
1063258,TH 47 Preliminary and Final Design,06/23/2026,4,"Alliant Engineering, Incorporated; Sambatek, LLC; Toltz, King, Duvall, Anderson and Associates, Inc.; WSB LLC",False,False
1063260,Multi-Award Sign Replacement Projects,06/18/2026,4,"Alliant Engineering, Incorporated; HDR Engineering, Inc.; Isthmus Engineering,Incorporated; Toltz, King, Duvall, Anderson and Associates, Inc.",False,False
1063446,Safety Management System Assessment of Aviation Manuals,06/18/2026,3,"Airsight GmbH; ARGUS International, Inc.; Avtegrity L. L. C.",False,True
1063039,"Independent Technical Review (ITR) for State Projects (SPs) 4705-51, 5905-31, and 6401-41",06/18/2026,3,"HR Green, Inc.; KLJ Engineering LLC; Toltz, King, Duvall, Anderson and Associates, Inc.",False,False
1062380,TH 13 & Nicollet Design Build Verification Team - REPOSTED,06/18/2026,2,"Bolton & Menk, Inc.; WSB LLC",False,False
1063035,MnDOT Aerial Roofing and Pavement Assessment,06/15/2026,3,"Ram Companies, LLC; The Snell Group, LLC; WSB LLC",False,False
1063413,Mobile Advertisements for Speed Safety Cameras in Work Zones,06/10/2026,2,Bison Federal Group LLC; Peak Targeting Corp.,False,False
1062880,Managed Lane (E-ZPass) System Planning Study,06/09/2026,5,"AECOM Technical Services, Inc.; HDR Engineering, Inc.; Jacobs Engineering Group Inc.; SRF Consulting Group, Inc.; WSP USA, Inc.",False,True
1062621-2625,Timber Local Bridge Load Rating and Evaluation,06/01/2026,5,"Collins Engineers, Inc.; HDR Engineering, Inc.; LBH, Inc.; Short Elliott Hendrickson, Inc.; SRF Consulting Group, Inc.",False,False
1062680,2103-43 TH 29 Alexandria,05/29/2026,4,"Bolton & Menk, Inc.; Kismet Consulting, Inc.; SRF Consulting Group, Inc.; WSB LLC",False,False
1063376-1063379,Final Bridge Design: TH 13 Corridor in Savage,05/27/2026,12,"Bolton & Menk, Inc.; CBS Squared, Inc.; HNTB Corporation; Kimley-Horn and Associates, Inc.; LHB, Inc.; Mead and Hunt, Inc.; Michael Baker Inernational, Inc.; Parsons Transportation Group, Inc.; Short Elliott Hendrickson, Inc.; SRF Consulting Group, Inc.; Toltz, King, Duvall, Anderson and Associates Inc.; WSB LLC",False,False
1063025,Minnesota Speed Management Action Plan,05/26/2026,3,"HDR Engineering, Inc.; Michael Baker International, Inc.; SRF Consulting Group, Inc.",False,False
1062261,Indigenous Cultural Monitoring for the I-535 John A. Blatnik Bridge Replacement,05/14/2026,1,Dirt Divers Cultural Resource Management LLC,False,False
1062260,Wisconsin Archaeological Construction Monitoring for the I-535 John A. Blatnik Bridge Replacement,05/14/2026,2,"106 Group Ltd.; PaleoWest LLC DBA Chronicle Heritage fka Commonwealth Heritiage Group, LLC",False,False
1059791,Minnesota Archaeological Construction Monitoring for the I-535 John A. Blatnik Bridge Replacement,05/14/2026,1,106 Group Ltd.,False,False
1063027,US 2 in Floodwood Corridor Study and Preliminary Design,05/07/2026,7,"Alliant Engineering, Incorporated; Bolton & Menk, Inc.; HDR Engineering, Inc.; HR Green, Inc.; SRF Consulting Group, Inc.; Stonebrooke Engineering, Inc.; Toltz, King, Duvall, Anderson and Associates, Inc.",False,False
1062126,Statewide Travel Demand Model - Phase 1,05/04/2026,3,"Resource Systems Group, Inc.; SRF Consulting Group, Inc.; WSP USA, Inc.",False,True
1062963,US 75 Climax Design Build Design Verification and Construction Manager,04/30/2026,1,Barr Engineering Co.,False,False
1061634,Blatnik Bridge Construction Contract Administration & Verification,04/29/2026,1,WSB LLC,False,False
1062605,Rest Area Electronic Feedback System,04/16/2026,5,"Carahsoft Technology Corp; Concourse Tech Inc.; Oberon3, Inc.; One Astronomical Unit Software LLC; Texas A&M Transportation Institute",False,True
1062481,Preliminary and Final Design for State Project (SP) 6404-104,04/10/2026,8,"Alliant Engineering, Incorporated; Bolton & Menk, Inc.; Short Elliott Hendrickson, Inc.; SRF Consulting Group, Inc.; Stantec Consulting Services Inc.; Stonebrooke Engineering, Inc.; Toltz, King, Duvall, Anderson and Associates, Inc.; WSB LLC",False,False
1062474,Preliminary and Final Design for State Project (SP) 4705-51,04/03/2026,5,"Bolton & Menk, Inc.; Kismet Consulting, Inc.; Short Elliot Hendrickson, Inc.; Stonebrooke Engineering, Inc.; WSB LLC",False,False
1062525,Preliminary and Final Geometric Layout and Final Design of TH 10,03/31/2026,6,"Alliant Engineering, Incorporated; KLJ Engineering LLC; SRF Consulting Group, Inc.; Stonebrooke Engineering, Inc.; Toltz, King, Duvall, Anderson and Associates, Inc.; WSB LLC",False,False
1062272,I494 Project 2 Communications and Engagement,03/30/2026,4,"Bolton & Menk, Inc.; Kimley-Horn and Associates, Inc.; Tunheim Partmenrs, Inc.; Z Companies, Inc. dba Zan Associates",False,False
1062602,MN 68/US 75 Canby Corridor Study,03/27/2026,8,"Alliant Engineering, Incorporated; Bolton & Menk, Inc.; Felsburg Holt & Ullevig, Inc.; HR Green, Inc.; SRF Consulting Group, Inc.; Stonebrooke Engineering, Inc.; Toltz, King, Duvall, Anderson and Associates, Inc.; WSB LLC",False,False
1062719,Safety Keynote Speaker for Maintenance Supervisor Conference,03/26/2026,4,"Collaborative Safety LLC; MN State South Central College; The Kunz Company LLC; Top Youth Speakers, LLC",False,False
1062380,TH 13 & Nicollet Design Build Verification Team,03/26/2026,2,"Bolton & Menk, Inc.; WSB LLC",False,False
1059618,Preliminary and Final Design for State Project (SP) 5904-27,03/20/2026,4,"Houston Engineering, Inc.; Kismet Consulting, Inc.; Stonebrooke Engineering, Inc.; Toltz, King, Duvall, Anderson and Associates, Inc.",False,False
1061739,Blatnik Bridge: Specialized Bridge Construction Oversight,03/17/2026,3,"HDR Engineering, Inc.; Parsons Engineering Group, Inc.; WSP USA, Inc.",False,False
1062357,Plans and Specs 6242-87 TH280 Broadway St. and Hennepin Ave.,03/10/2026,5,"AECOM Technical Services, Inc.; KLJ Engineering LLC; Sambatek, LLC; SRF Consulting Group, Inc.; WSB LLC",False,False
1062352,"Phase II Investigation, RAP, Special Provisions and Regulatory Assistance: TH 65, SP 0207-130 Corridor",03/10/2026,5,"AECOM Technical Services, Inc.; Bay West, LLC; Braun Intertec Corporation; Landmark Environmental, LLC; Terracon Consultants, Inc.",False,False
1062533,Complete Streets Staff Technical Trainings,03/10/2026,2,"SRF Consulting Group, Inc.; Z Companies, Inc. dba Zan Associates",False,False
1061262,Blatnik Bridge Replacement Project Design Build: Design Oversight,03/03/2026,2,"HDR Engineering, Inc.; Parsons Transportation Group, Inc.",False,False
1061899,2026 Baxter Inspection,02/26/2026,1,WSB LLC,False,False
1061829,Cultural Resources Unit Technical Assistance: Fiscal Year 2027-2029,02/24/2026,8,"106 Group Ltd.; Barr Engineering Co. ; Bolton & Menk, Inc.; Hess, Roise and Company Ltd.; Mead and Hunt, Inc.; PaleoWest LLC DBA Chronicle Heritage fka Commonwealth Heritage Group, LLC; SWCA Incorporated ; WSP USA, Inc.",False,False
1062138,Historic Roadside Property - Historic Architect: Fiscal Year 2027 Projects,02/23/2026,1,"MacDonald and Mack Architects, Ltd.",False,False
1062135,FY27 Districtwide Sign Replacement,02/19/2026,5,"Alliant Engineering, Incorporated; HDR Engineering, Inc.; Kimley-Horn and Associates, Inc.; Short Elliott Hendrickson, Inc.; SRF Consulting Group, Inc.",False,False
1061877,SP 3001-29: MN 47 & CSAH 5 ROUNDABOUT AND MN 47 AND CSAH 8 ROUNDABOUT,02/19/2026,7,"Kismet Consulting, Inc.; KLJ Engineering LLC; Michael Baker International, Inc.; Moore Engineering, Inc.; Sambatek, LLC; Stantec Consulting Services Inc.; Toltz, King, Duvall, Anderson and Associates, Inc.",False,False
1051223,District 7 Construction Survey Support,02/16/2026,2,"Bolton & Menk, Inc.; WSB LLC",False,False
1062133,I-35E bridge replacement over Shepard Road,02/12/2026,4,"Goff Public, Inc.; Rapp Strategies, Inc.; SRF Consulting Group, Inc.; Z Companies, Inc. dba Zan Associates",False,False
1062297,2026 District One Plant Monitoring,02/10/2026,1,WSB LLC,False,False
1061955,MN 7/29 Bridges Corridor Study,02/06/2026,5,"HDR Engineering, Inc.; SRF Consulting Group, Inc.; Stantec Consulting Services Inc.; Toltz, King, Duvall, Anderson and Associates, Inc.; WSB LLC",False,False
1061542,Design for Reconstruction of TH 16 Through Houston and Replacement of Bridge 95111,02/05/2026,7,"Alliant Engineering, Incorporated; CBS Squared, Inc.; HDR Engineering, Inc.; KLJ Engineering, Inc.; SRF Consulting Group, Inc.; Stonebrooke Engineering, Inc.; Toltz, King, Duvall, Anderson and Associates, Inc.",False,False
1061962,Active Transportation Scoping Assistance,02/03/2026,5,"Bolton & Menk, Inc.; Great Places Analysis and Design LLC; HNTB Corporation ; Isthmus Engineering, Inc.; Z Companies, Inc. dba Zan Associates",False,False
1061785,TH 53 NB Bridge over St. Louis River and CSAH 16 RCI,02/02/2026,6,"Alliant Engineering, Incorporated; CBS Squared, Inc.; HDR Engineering, Inc.; LHB, Inc.; Mead and Hunt, Inc.; Sambatek, LLC",False,False
1061244,CFI Phase 1: Preconstruction – Greater Minnesota Infrastructure Electric Vehicle Community Program,01/30/2026,4,"HDR Engineering, Inc.; Michael Baker International, Inc.; SRF Consulting Group, Inc.; WSP USA, Inc.",False,False
1061261,Blatnik Bridge Replacement Project Environmental Compliance Manager,01/29/2026,1,"Short Elliott Hendrickson, Inc.",False,False
1061796,University & 4th Design Build Verification Team,01/28/2026,2,"Professional Engineering Services, Ltd.; WSB LLC",False,False
1061607,"On MN 7, Turnback Study from Ortonville to MN 28",01/26/2026,6,"Alliant Engineering, Incorporated; Apex Engineering Group, Inc.; HDR Engineering, Inc.; KLJ Engineering LLC; Stantec Consulting Services Inc.; Stonebrooke Engineering, Inc.",False,False
1061716,Outreach & Construction Communications for the Highway 243 Osceola Bridge Replacement,01/23/2026,2,"HDR Engineering, Inc.; Rapp Strategies, Inc.",False,False
1061807,Statewide Multimodal Transportation Plan 2027 Update,01/20/2026,5,"5 by 5 Design, Inc.; Kimley-Horn and Asociates, Inc.; SRF Consulting Group, Inc.; WSB LLC; Z Companies, Inc. dba Zan Associates",False,False
1061828,Minnesota Statewide Land Use Compatibility Manual,01/20/2026,3,"The Aviation Planning Group LLC; Bolton & Menk, Inc.; Kimley-Horn and Associates, Inc.",False,False
1061593,Independent Cost Estimating & Engineering’s Estimating Services for the TH 61 Reconstruction CMGC Project,01/20/2026,7,"Dynamic Preconstruction Services LLC; HDR Engineering, Inc.; Innovative Contracting & Engineering; Kasa Group LLC; Krebs Corporation ; Rider Levett Bucknall Ltd.; SRF Consulting Group, Inc.",False,False
1061208,Walker South,01/16/2026,7,"Kimley-Horn and Associates, Inc.; KLJ Engineering LLC; Moore Engineering, Inc.; SRF Consulting Group, Inc.; Stantec Consulting Services Inc.; Stonebrooke Engineering, Inc.; WSB LLC",False,False
1061699,Seedling ID Field Guide,01/15/2026,5,"Alliant Engineering, Incorporated; Minnesota Native Landscapes, Inc.; Rock Leaf Water Environmental LLC; Short Elliott Hendrickson, Inc.; Stantec Consulting Services Inc.",False,True
1061800,Work Zone Speed Safety Camera Program,01/13/2026,2,"Sensys Gatso USA, Inc.; Servexo, Inc.",False,False
1061711,Minnesota Shared Mobility Plan,12/23/2025,5,"CPCS Transcom, Inc.; Great Plains Institue; KFH Group, Incorporated; The Plumb Catalyst LLC; Toole Design Group, LLC",False,False
1061535,Minnesota Statewide Economic Impact Plan,12/22/2025,5,"Kimley-Horn and Associates, Inc.; Mead and Hunt, Inc.; Morant McLeod LLC; Woolpert, Inc.; Zenith Economics, LLC",False,False
1061082,I-694 Transportation Corridor Study,12/19/2025,7,"Bolton & Menk, Inc.; HDR Engineering, Inc.; KLJ Engineering LLC; Michael Baker International, Inc.; Short Elliott Hendrickson, Inc.; SRF Consulting Group, Inc.; WSB LLC",False,False
1059620,Complete Streets Assessment and Preliminary Design for State Project (SP) 4210-60,12/19/2025,4,"HDR Engineering, Inc.; Kismet Consulting, Inc.; SRF Consulting Group, Inc.; Toltz, King, Duvall, Anderson and Associates, Inc.",False,False
1061394,I-694 Transportation Corridor Study Communications and Engagement,12/19/2025,4,"Bolton & Menk, Inc.; Short Elliott Hendrickson, Inc.; Transportation Collaborative & Consultants, LLC; Z Companies, Inc. dba Zan Associates",False,False
1061193,pH Waiver for Deicing Products and the Qualified Products List,12/16/2025,2,Elzly Technology Corporation; University of Missouri - Columbia,True,False
1060859,Comprehensive Guide to Pre-Wetting Application Rates and Methods,12/16/2025,0,No responses received,True,True
1060857,Snowplow Truck Washing Facility Designs and RFP Templates,12/16/2025,2,"DRB Consulting, LLC; Matrix Consulting Group, Ltd.",True,False
1060855,Clear Roads - Updated Techniques in Clearing Different Interchange Configurations and Other Geometric Layouts,12/16/2025,1,"SRF Consulting Group, Inc.",True,False
1060856,Materials and Guidance to Maximize the Value of a Weather Services Contract,12/16/2025,1,"Walker of All Trades, LLC",True,False
1060853,Developing a National Road Condition Standard Legend,12/16/2025,4,"AECOM Technical Services, Inc.; Bolton & Menk, Inc.; Montana State University; Stonebrooke Engineering, Inc.",False,False
1060854,A Benefit-Cost Analysis of Implementing and Operating AVL/GPS Technology Systems,12/16/2025,10,"AECOM Technical Services, Inc.; Bolton & Menk, Inc.; CBS Squared, Inc.; Dye Management Group, Inc.; Matrix Consulting Group, Ltd.; Mercury Associates, Inc.; Montana State University; Precision Consulting Firm, LLC; SRF Consulting Group, Inc.; University of Wisconsin, Madison",False,True
1061032,Corridor Study on 210 from Fergus Falls to TH 71,12/12/2025,7,"Alliant Engineering, Incorporated; Bolton & Menk, Inc.; HDR Engineering, Inc.; Kimley-Horn and Associates, Inc.; SRF Consulting Group, Inc.; Stonebrooke Engineering, Inc.; Toltz, King, Duvall, Anderson and Associates, Inc.",False,False
1061342,Metro District Water Resources Design and MS4 Support 2026-2029,12/09/2025,8,"Bolton & Menk, Inc.; Michael Baker International, Inc.; Professional Engineering Services, Ltd.; Rani Engineering, LLC; Sambatek, LLC; SRF Consulting Group, Inc.; Toltz, King, Duvall, Anderson and Associates, Inc.; WSB LLC",False,False
1061396,MN 23 St. Cloud Mill & Overlay,12/08/2025,8,"Alliant Engineering, Incorporated; CBS Squared, Inc.; HR Green, Inc.; KLJ Engineering LLC; SRF Consulting Group, Inc.; Stonebrooke Engineering, Inc.; Toltz, King, Duvall, Anderson and Associates, Inc.; WSB LLC",False,False
1061372,Community Driven CAV Program,12/08/2025,7,"Bolton & Menk, Inc.; Clothier Consulting, LLC DBA ARIBO; Direx Solutions US Inc.; Great Plains Institute; HDR Engingeering, Inc.; The Plum Catalyst LLC; Z Companies, Inc. dba Zan Associates",False,False
1061676,"SUE TH 61, 1913-107",12/08/2025,3,"T2 UES, Inc. dba T2 Utility Engineers; Utility Mapping Services, P.C.; WSB LLC",False,False
1061577/1061579,Pond Rehab Enhance Repair Project,12/05/2025,4,"Bolton & Menk, Inc.; HDR Engineering, Inc.; Toltz, King, Duvall, Anderson and Associates, Inc.; WSB LLC",False,False
1060866,"TH 61 Reconstruction In Hastings, MN Construction Manager General Contractor (CMGC)",11/20/2025,,Responders to be posted at a later date,False,False
1061550,"Detail Design for Reconstruction of TH 16 and US 63 in Spring Valley, MN",11/17/2025,6,"Bolton & Menk, Inc.; Kimley-Horn and Associates, Inc.; Michael Baker International, Inc.; Sabatek, LLC; SRF Consulting Group, Inc.; Toltz, King, Duvall, Anderson and Associates, Inc.",False,False
1061187,State Aid Rules Revision,10/31/2025,4,"Bolton & Menk, Inc.; KLJ Engineering LLC; SRF Consulting Group, Inc.; Stonebrooke Engineering, Inc.",False,False
1060962,Preliminary Design for Roundabout,10/23/2025,10,"Alliant Engineering, Incorporated; Isthmus Engineering, Inc.; Kimley-Horn and Associates, Inc.; KLJ Engineering LLC; Rani Engineering, LLC; Sambatek, LLC; Short Elliott Hendrickson, Inc.; Stonebrooke Engineering, Inc.; Toltz, King, Duvall, Anderson and Associates, Inc.; WSB LLC",False,False
1061014,Bridges 18011 & 18012: Preliminary and Final Design,10/06/2025,10,"CBS Squared, Inc.; HDR Engineering, Inc.; Kimley-Horn and Associates, Inc.; LHB, Inc.; Michael Baker International, Inc.; Parsons Transportation Group, Inc.; Short Elliott Hendrickson, Inc.; SRF Consulting Group, Inc.; Toltz, King, Duvall, Anderson and Associates, Inc.; WSB LLC",False,False
1061083,TH 35W Standalone Sign Replacement Project,10/01/2025,4,"Alliant Engineering, Incorporated; Isthmus Engineering, Inc.; Kimley-Horn and Associates, Inc.; Toltz, King, Duvall, Anderson and Associates, Inc.",False,False
1058318,"Environmental Documentation, Geometric Layout, and Construction Limits for State Project (SP) 3405-96",10/01/2025,6,"Alliant Engineering, Incorporated; Bolton & Menk, Inc.; HR Green, Inc.; Michael Baker International, Inc.; Toltz, King, Duvall, Anderson and Associates, Inc.; WSB LLC",False,False
1060937,North Shore Roadway Network Resilience Study,09/30/2025,10,"Bolton & Menk, Inc.; HDR Engineering, Inc.; KLJ Engineering LLC; Michael Baker International, Inc.; RS&H, Inc.; SRF Consulting Group, Inc.; Stantec Consulting Services Inc.; Toltz, King, Duvall, Anderson and Associates, Inc.; WSB LLC; WSP USA, Inc.",False,False
1060612,Safety and accessibility study on MN 51 from W 7th St to Dayton Ave,09/26/2025,6,"Alliant Engineering, Incorporated; Isthmus Engineering, Inc.; KLJ Engineering LLC; Short Elliott Hendrickson, Inc.; Stonebrooke Engineering, Inc.; Transportation Collaborative & Consultants, LLC",False,False
1058796,Concrete Reconstruction of US 10 from 13th Street to west of 34th Street in Moorhead,09/25/2025,7,"Bolton & Menk, Inc.; HDR Engineering, Inc.; HNTB Corporation; KLJ Engineering LLC; SRF Consulting Group, Inc.; Stantec Consulting Group Inc.; WSB LLC",False,False
1060748,Highway 27 Little Falls and US 71 Sauk Centre Pre-Scoping Traffic Study,09/24/2025,9,"Alliant Engineering, Incorporated; Bolton & Menk, Inc.; HDR Engineering, Inc.; HR Green, Inc.; Michael Baker International, Inc.; SRF Consulting Group, Inc.; Stantec Consulting Services Inc.; Stonebrooke Engineering, Inc.; WSB LLC",False,False
1060758,Archaeological Construction Monitoring for the Malmo Box Culvert Replacement Project,09/23/2025,5,"106 Group Ltd.; Bolton & Menk, Inc.; Florin Cultural Resource Services, LLC; PaleoWest LLC DBA Chronicle Heritage fka Commonwealth Heritage Group, LLC; SWCA Incorporated",False,False
1060790,Greater Minnesota Mobility Study,09/16/2025,6,"Bolton & Menk, Inc.; ICF Incorporated, LLC; Ives Street Planning Analytics, LLC; SRF Consulting Group, Inc.; Transportation Collaborative & Consultants, LLC; WSB LLC",False,False
1060683,TH 44 Corridor Analysis and Improvement Design Concept from Spring Grove to Hokah,09/15/2025,5,"Alliant Engineering, Incorporated; Kimley-Horn and Associates, Inc.; Sambatek, LLC; SRF Consulting Group, Inc.; Toltz, King, Duvall, Anderson and Associates, Inc.",False,False
1060027,I-94 Westbound Concrete Resurfacing,09/12/2025,6,"Alliant Engineering, Incorporated; Isthmus Engineering, Inc.; KLJ Engineering LLC; Michael Baker International, Inc.; SRF Consulting Group, Inc.; Toltz, King, Duvall, Anderson and Associates, Inc.",False,False
1060884,"Multi-award Sign Replacement Project (TH 694 TH 62, & TH 10)",09/10/2025,6,"Alliant Engineering, Incorporated; Bolton & Menk, Inc.; HDR Engineering, Inc.; SRF Consulting Group, Inc.; Toltz, King, Duvall, Anderson and Associates, Inc.; WSB LLC",False,False
1060454,Final Design for Trunk Highway 73 in Kettle River,09/09/2025,8,"Bolton & Menk, Inc.; CBS Squared, Inc.; HR Green, Inc.; Kismet Consulting, Inc.; LHB, Inc.; MSA Professional Services, Inc.; Stonebrooke Engineering, Inc.; Toltz, King, Duvall, Anderson and Associates, Inc.",False,False
1060595,Trunk Highway 52 Crossing Feasibility Study and Design,08/29/2025,5,"Alliant Engineering, Incorporated; Bolton & Menk, Inc.; HDR Engineering, Inc.; SRF Consulting Group, Inc.; Toltz, King, Duvall, Anderson and Associates, Inc.",False,False
1060062,Pedestrian and Bicycle Design Guidance Update,08/06/2025,3,"Alta Planning + Design, Inc.; Stonebrooke Engineering, Inc.; Toole Design Group, LLC",False,False
1060429,Hwy 12 Wayzata to Minnetonka Communications,08/01/2025,6,"Bolton & Menk, Inc.; HDR Engineering, Inc.; KLJ Engineering LLC; Rapp Strategies, Inc.; SRF Consulting Group, Inc.; Z Companies, Inc. dba Zan Associates",False,False
1060070,Cultural Resources Unit Technical Assistance,07/31/2025,4,"106 Group Ltd.; Deco Cultural Services LLC; PaleoWest LLC DBA Chronicle Heritage fka Commonwealth Heritage Group, LLC; SWCA Incorporated.",False,False
1060422,SP 2726-78 TH47 Final Design and Communication Project,07/30/2025,3,"Sambatek, LLC; Short Elliott Hendrickson, Inc.; WSB LLC",False,False
1060145,Master Planning and Design for Site Redevelopment and River Restoration at the Watonwan River Safety Rest Area,07/29/2025,6,"Bolton & Menk, Inc.; Damon Farber Associates Inc.; I & S Group, Inc.; KLJ Engineering LLC; SRF Consulting Group, Inc.; Ten x Ten, LLC",False,False
1060077,"Northern Lights Express Corridor ID Project, Step 2",07/15/2025,1,HNTB Corporation,False,False
1059073,Alternative Contracting General Engineering Consultant,07/10/2025,1,"AECOM Technical Services, Inc.                                                Mead and Hunt, Inc.                                                                         WSB LLC",False,False
1058938,Preliminary and Final Design for State Project (SP) 5905-31,07/02/2025,7,"AECOM Technical Services, Inc.; Felsburg Holt & Ullevig, Inc.; Michael Baker International, Inc.; Sambatek, LLC; SRF Consulting Group, Inc.; Stonebrooke Engineering, Inc.; Toltz, King, Duvall, Anderson and Associates, Inc.",False,False
1060072,Approach Roadway and Bridge Design for Replacement of Bridge No. 9728 on I-90,07/01/2025,4,"HDR Engineering, Inc.; Kimley-Horn and Associates, Inc.; Sambatek, LLC; Toltz, King, Duvall, Anderson and Associates, Inc.",False,False
1059724,Communications and Engagement for Hwy 280 St. Paul to Roseville,06/24/2025,6,"Goff Public, Inc.; HDR Engineering, Inc.; Kimley-Horn and Associates, Inc.; Short Elliott Hendrickson, Inc.; Toltz, King, Duvall, Anderson and Associates, Inc.; WSB LLC",False,False
1059762,2025 Traffic Training Program,06/18/2025,3,"Kimley-Horn and Associates, Inc.; SRF Consulting Group, Inc.; Stantec Consulting Services Inc.",False,False
1058513,Corridor Study on US 75 and MN 210 in Breckenridge,06/16/2025,5,"HDR Enginerring, Inc.; KLJ Engineering LLC; SRF Consulting Group, Inc.; Stonebrooke Engineering, Inc.; WSB LLC",False,False
1059685,TH 45/210 Corridor Study in Carlton,06/16/2025,6,"Alliant Enginerring, Incorporated; Bolton & Menk, Inc.; Sambatek, LLC; SRF Consulting Group, Inc.; Stantec Consulting Services Inc.; Toltz, King, Duvall, Anderson and Associates, Inc.",False,False
1059639,Walk!Bike!Fun! Bicycle and Pedestrian Safety Education Implementation,06/13/2025,1,Bicycle Alliance of Minnesota,False,False
1059705,TH65 Blaine Interchanges Communication and Engagement-REPOSTED,06/10/2025,3,"HDR Engineering, Inc.; KLJ Engineering LLC; SRF Consulting Group, Inc.",False,False
1058912,TH 61 Hastings Reconstruction,06/10/2025,5,"Alliant Engineering, Incorporated; Kimley-Horn and Associates, Inc.; Stonebrooke Engineering, Inc.; Toltz, King, Duvall, Anderson and Associates, Inc.; WSB LLC",False,False
1059818,Osceola Bridge Estimating and Critical Path Method (CPM) Scheduling,06/05/2025,4,"HDR Engineering, Inc.; KCI Technologies, Inc.; Procon Consulting LLC; Rider Levett Bucknall Ltd.",False,False
1059569/1059766,Design Staff Augmentation (Multi-Award),05/20/2025,6,"Bloom Companies, LLC; HNTB Corporation; Isthmus Engineering, Inc.; Mead and Hunt, Inc.; Toltz, King, Duvall, Anderson and Associates, Inc.; WSB LLC",False,False
1059544,Minnesota Statewide Truck Parking Study Update,05/16/2025,5,"Cambridge Systematics, Inc.; CPCS Transcom, Inc.; HDR Engineering, Inc.; HNTB Corporation; Toltz, King, Duvall, Anderson and Associates, Inc.",False,False
1059705,TH65 Blaine Interchanges Communication and Engagement,05/15/2025,3,"HDR Engineering, Inc.; KLJ Engineering LLC; SRF Consulting Group, Inc.",False,False
1059159,Walker Final Design,05/14/2025,4,"Isthmus Engineering, Inc.; Sambatek, LLC; SRF Consulting Group, Inc.; Stonebrooke Engineering, Inc.",False,False
1059637,Repair of Existing Bridge Piling in Wet Conditions,05/13/2025,2,"Collins Engineers, Inc.; HDR Engineering, Inc.",False,False
1059402,Collaborative Facilitator,05/07/2025,10,"Bloomwise Partners LLC; Bolton & Menk, Inc.; DeYoung Consulting Services, LLC; Elite Growth Partners; Execultant Consultancy L.L.C.; Freya and Company, LLC; Imagine Deliver, LLC; Lotak LLC; Nemer Fieger & Associates, Inc.; SDK Strategic Services fka SDK Communications, LLC",False,False
1059387,Demonstrating the Potential of OEM Telematics data for Calculation of Distance- Based Fees,05/02/2025,4,"AECOM Technical Services, Inc.; CDM Smith Inc.; HNTB Corporation ; WSB USA, Inc.",False,True
1059586,Districtwide Traffic Engineering Design Services for D6 Projects Group 2,04/30/2025,4,"Alliant Engineering, Incorporated; Kimley-Horn and Associates, Inc.; KLJ Engineering LLC; Stonebrooke Engineering, Inc.",False,False
1058883,Property Management Services – Waters Edge/RTMC Facility-REPOSTED,04/24/2025,3,"Burkindy Cleaning LLC; Cushman & Wakefield, U.S., Inc.; KabSkye Investmants LLC",False,False
1059028,Statewide Pedestrian Bridge Planning Study,04/24/2025,5,"Kimley-Horn and Associates, Inc.; Professional Engineering Services, Ltd.; SRF Consulting Group, Inc.; Toltz, King, Ducall, Anderson and Associates, Inc.; WSB LLC",False,False
1059399,MN 23 Waite Park Final Design Mill and Overlay,04/10/2025,9,"Alliant Engineering, Incorporated; Bolton & Menk, Inc.; CBS Squared, Inc.; HDR Engineering, Inc.; HR Green, Inc.; Short Elliott Hendrickson, Inc.; SRF Consulting Group, Inc.; Toltz, King, Duvall, Anderson and Associates, Inc.; WSB LLC fka WSB & Associates, Inc.",False,False
1059351,Warba Design for Mill and Overlay with ADA,04/08/2025,5,"Bloom Companies, LLC; CBS Squared, Inc.; Kismet Consulting, Inc.; Stonebrooke Engineering, Inc.; Rani Engineering, LLC",False,False
1058580,Preliminary and Final Design for State Project (SP) 4203-59,04/04/2025,6,"Alliant Engineering, Incorporated; CBS Squared, Inc.; Short Elliott Hendrickson, Inc.; SRF Consulting Group, Inc.; Stantec Consulting Services, Inc.; WSB LLC",False,False
1059255-56 ,TH 5 St Paul Video Project and TH 610 West Mississippi Video Project,04/04/2025,2,"American Environmental LLC; Hydro-Klean, LLC",False,False
1059290,Construction Monitoring: Marshall Reconstruct,03/31/2025,5,"Bay West, LLC; Barr Engineering Co.; Short Elliott Hendrickson, Inc.; Stantec Consulting Services Inc.; Ramboll Americas Engineering Solutions, Inc.",False,False
1059257,TH 100 Robbinsdale Video Project,03/25/2025,2,"American Environmental LLC; Hydro-Klean, LLC",False,False
1058982,2025 Innovative Ideas Program,03/19/2025,9,"AECOM Technical Services, Inc.; Alliant Engineering, Incorporated; Bolton & Menk, Inc.; Castle Rock Associates, Inc.; ICF Incorporated, LLC; SRF Consulting Group, Inc.; Texas A&M Transportation Institute; WSB LLC fka WSB & Associates, Inc.; WSP USA, Inc.",False,False
1059252,Metro Watershed Prioritization Phase 1 Inventory,03/14/2025,11,"Bloom Companies, LLC; Bolton & Menk, Inc.; HDR Engineering, Inc.; HR Green, Inc.; Michael Baker International, Inc.; MSA Professional Services, Inc.; Professional Engineering Services, Ltd.; Rani Engineering, LLC; SRF Consulting Group, Inc.; Two Degrees Adapt, LLC; WSB LLC fka WSB & Associates, Inc.",False,True
1058602,Recycled Binder Availability,03/13/2025,5,Iowa State University; Michigan State University; Michigan Technological University; Texas A&M Transportation Institue; University of Missouri-Columbia,False,False
1058795,MnDOT Hinckley Corridor Crossing Elimination and Improvement Study,03/12/2025,2,"HDR Engineering, Inc.; Quandel Consultants, Inc.",False,False
1058981,Construction and Environmental Inspection: I-94 Albertville to Monticello,03/07/2025,2,"PE Services, Ltd.; Short Elliott Hendrickson, Inc.",False,False
1249,Research Services Academic Research Program – Multi-Award,03/04/2025,11,Auburn University; Michigan State University; Michigan Technological University; Montana State University; North Dakota State University; Texas A&M Transportation Institute; Texas State University; University of Illinois; University of Minnesota; University of New Hampshire; University of St. Thomas,False,False
1058556,TH 11/71 Preliminary Engineering,02/26/2025,5,"Alliant Engineering, Incorporated; Bolton & Menk, Inc.; HDR Engineering, Inc.; HR Green, Inc.; Short Elliott Hendrickson, Inc.",False,False
1058883,Property Management Services – Waters Edge/RTMC facility,02/25/2025,2,"Cushman & Wakefield U.S., Inc.; KabSkye Investmants LLC",False,False
1058907,Research Implementation Committee: Implementation of Research Findings (Fiscal Year 2026-2030),02/20/2025,3,"CPCS Transcom, Inc.; SRF Consulting Group, Inc.; Stonebrooke Engineering, Inc.",False,False
1058682,Reconstruction Project in the City of Sauk Centre,02/19/2025,6,"Alliant Engineering, Incorporated; Kimley-Horn and Associates, Inc.; KLJ Engineering LLC; SRF Consulting Group, Inc.; Toltz, King, Ducall, Anderson and Associates, Inc.; WSB LLC fka WSB & Associates, Inc.",False,False
1058868,2025 District One Plant Monitoring,02/18/2025,1,"WSB LLC fka WSB & Associates, Inc.",False,False
1058449,Park Rapids Corridor Study,02/13/2025,5,"Apex Engineering Group, Inc.; Bolton & Menk, Inc.; HR Green, Inc.; Kimley-Horn and Associates, Inc.; SRF Consulting Group, Inc.",False,False
1058727,Preliminary and Final Design: SP 8005-22 US 71 & MN 87  Reclamation and Urban Reconstruction in Menahga,02/13/2025,7,"Alliant Engineering, Incorporated; Bolton & Menk, Inc.; CBS Squared, Inc.; Short Elliott Hendrickson, Inc.; SRF Consulting Group, Inc.; Toltz, King, Duvall, Anderson and Associates, Inc.; WSB LLC fka WSB & Associates, Inc.",False,False
1058628,Wayside Detector Systems Study,02/11/2025,2,"CPCS Transcom, Inc.; International Electronic Machines Corporation",False,True
1058501,TH 3 Corridor Visioning Study,02/07/2025,4,"Bolton & Menk, Inc.; KLJ Engineering LLC; SRF Consulting Group, Inc.; WSB LLC fka WSB & Associates, Inc.",False,False
1248,2025 Photogrammetry and Remote Sensing Services – Master Contract Program,02/04/2025,13,"95West Aerial Mapping, LLC fka KBM Geospatial, LLC; Ayres Associates, Inc.; Foth Infrastructure & Environment, LLC; GPI Geospatial, Inc.; GRW Aerial Surveys, Inc.; Kucera International Inc.; Martinez Geospatial, Inc.; NV5 Geospatial, Inc. FKA Quantum Spatial, Inc.; Rani Engineering, LLC; Surdex Corporation; Surveying And Mapping, LLC; The Sanborn Map Company, Inc.; WSB LLC fka WSB & Associates, Inc.",False,False
1058524,Transportation Demand Management Education and Engagement,01/23/2025,4,"Alta Planning + Design, Inc.; SRF Consulting Group, Inc.; Sterr Davies & Gleave, Inc.; Z companies, Inc. dba Zan Associates",False,False
1058618,Professional Services – Construction Inspection,01/23/2025,2,"Apex Engineering Group, Inc.; Bolton & Menk, Inc.",False,False
1057866,SUE 2710-64 - REPOSTED,01/17/2025,2,"T2 UES, Inc. dba T2 Utility Engineers; Utility Mapping Services, P.C.",False,False
1057864,0207-130 SUE TH65 - REPOSTED,01/17/2025,2,"T2 UES, Inc. dba T2 Utility Engineers; Utility Mapping Services, P.C.",False,False
1058289,Cloquet Reconstruction,01/15/2025,7,"Alliant Engineering, Inc.; Kimley-Horn and Associates, Inc.; KLJ Engineering LLC; Sambatek, LLC fka Sambatek, Inc.; Stantec Consulting Services Inc.; Stonebrooke Engineering, Inc.; Toltz, King, Duvall, Anderson and Associates, Inc.",False,False
1058219,Active Transportation Planning and Technical Assistance,01/07/2025,4,"SRF Consulting Group, Inc.; Terra Soma, LLC; Toltz, King, Duvall, Anserson and Associates, Inc.; Toole Design Group, LLC",False,False
1057207,Preliminary and Final Design for State Project (SP) 4702-13,12/31/2024,6,"Alliant Engineering, Incorporated; HR Green, Inc.; SRF Consulting Group, Inc.; Stonebrooke Engineering, Inc.; Toltz, King, Duvall, Anderson and Associates, Inc.; WSB LLC fka WSB & Associates, Inc.",False,False
1058550,CPM Construction Schedule Review,12/30/2024,3,"Moriarty Scheduling Services, LLC; Professional Enginerring Services, Ltd.; SRF Consulting Group, Inc.",False,False
1058453,Communications & Outreach for I-35W in Burnsville,12/19/2024,3,"Bolton & Menk, Inc.; Kimley-Horn and Associates, Inc.; Rapp Strategies, Inc.",False,False
1058220,"State Project 0116-51, US 169 Shoulder Widening Final Design",12/19/2024,3,"HDR Engineering, Inc.; Sambatek, LLC fka Sambatek, Inc.; Toltz, King, Duvall, Anderson and Associates, Inc.",False,False
1058295,"Design Services for Mill and Overlay and Geometric Improvements on TH 43 in Winona, MN",12/18/2024,7,"Alliant Engineering, Incorporated; HDR Engineering, Inc.; Kimley-Horn and Associates, Inc.; Kismet Consulting, Inc.; Short Elliott Hendrickson, Inc.; SRF Consulting Group, Inc.; Stonebrook Engineering, Inc.",False,False
1058288,Earth Retaining Structure Inspection & Manual Update,12/17/2024,2,"Collins Engineers, Inc.; WSB LLC fka WSB & Associates, Inc.",False,False
1058285,Inspector Academy,12/16/2024,2,"Professional Engineering Services, Ltd.; WSB LLC fka WSB & Associates, Inc.",False,False
1058236,Measuring Transportation Equity Investments Using Justice40 Principles,12/05/2024,8,"Common Sense Consulting @ Work, LLC; EconNorthwest; HDR Engineering, Inc.; SDK Strategic Services fka SDK Communications, LLC; SRF Consulting Group, Inc.; Stantec Consulting Services Inc.; Toole Design Group, LLC; WSP USA, Inc.",False,False
1057468,Establish and Manage a Small Business Resource Center-REPOST,12/05/2024,5,"Common Sense Consulting @ Work, LLC; DRB Consulting, LLC; Project Solutions, Inc.; Roads Consulting Group LLC; Zins Cleo Raven",False,False
1058094,TH 10 St. Cloud to Little Falls Corridor Study,12/04/2024,7,"Bolton & Menk, Inc.; HR Green, Inc.; KLJ Engineering LLC; Short Elliot Hendrickson, Inc.; SRF Consulting Group, Inc.; WSB LLC fka WSB & Associates, Inc.; WSP USA, Inc.",False,False
1058145,Remote Sensing Post-Construction Asset Data Collection,11/26/2024,2,"NV5 Geospatial, Inc. FKA Quantum Spatial, Inc.; WSB LLC fka WSB & Associates, Inc.",False,False
1057923,Environmental Investigation Unit Permit Contaminated Materials Review,11/21/2024,5,"Barr Engineering Co.; Bay West, LLC; Braun Intertec Corporation; Short Elliot Hendrickson, Inc.; Terracon Consultants, Inc.",False,False
1058099,Complete Streets Staff Technical Training,11/19/2024,1,"Z Companies, Inc. dba Zan Associates",False,False
1058086,Hwy 65 Final Design Consultant Contract,11/18/2024,5,"HDR Engineering, Inc.; HNTB Corporation; KLJ Engineering LLC; Toltz, King, Duvall, Anderson and Associates, Inc.; WSB LLC fka WSB & Associates, Inc.",False,False
1057998,Quality Control and Quality Assurance Audit Program,11/18/2024,1,"DOT Quality Services, Inc.",False,False
1057116,Bridge Replacement TH 10 over Otter Tail River,11/04/2024,10,"Alliant Engineering, Incorporated; CBS Squared, Inc.; HDR Engineering, Inc.; HNTB Corporation; Houston Engineering, Inc.; Kimley-Horn and Associates, Inc.; KLJ Engineering LLC; Michael Baker International, Inc.; Short Elliott Hendrickson, Inc.; WSB LLC fka WSB & Associates, Inc.",False,False
1057664,E-ZPASS Operations Contract for Back Office System Support and Customer Service Center Support - REPOSTED,10/31/2024,5,"Cognizant Technology Solutions U.S. Corporation; Etan Limited, LLC; Neology, Inc.; TransCore, LP; WSP USA, Inc.",False,True
1057177,Districtwide Project Consisting of Structural and Living Snow Fences,10/25/2024,3,"Kimley-Horn and Associates, Inc.; SRF Consulting Group, Inc.; WSB LLC fka WSB & Associates, Inc.",True,False
1057579,"Small Business One to One Technical Assistance – Focus on Bidding, Estimating & Plan - REPOSTED",10/21/2024,5,"A's Initiative L.L.C; Blackbridge Consulting, Inc.; Get Sh!t Done, LLC; IMO Consulting Group Inc.; Project Solutions, Inc.",False,False
1057332,Virginia Headquarters – Building Envelope Commissioning - REPOSTED,10/21/2024,4,"Braun Intertec Corporation; CR-Building Performance Specialists, Incorporated; Lerch Bates Inc.; WSP USA, Inc.",False,False
1057664,E-ZPASS Operations Contract for Back Office System Support and Customer Service Center Support,10/21/2024,5,"Cognizant Technology Solutions U.S. Corporation; Etan Limited, LLC; Neology, Inc.; TransCore, LP; WSP USA, Inc.",False,True
1057903,Rural Transit Assistance Program Management,10/18/2024,1,"DRB Consuling, LLC",False,False
1057391,Request for Qualifications | Construction Manager as Constructor,10/15/2024,3,Adolfson & Peterson Construction; Kraus-Anderson Construction Company; McGough Construction Co. LLC,False,False
1057334,Highways for Habitat Construction Vegetation Support,10/11/2024,3,"Davey Resource Group, Inc.; Kinley-Horn and Associates, Inc.; Professional Engineering Services, Ltd.",False,False
1057884,Highway 13 Savage to Burnsville improvement project,10/10/2024,5,"Goff Public, Inc.; Khoo Consulting, LLC; Rapp Strategies, Inc.; SRF Consulting Group, Inc.; Z Companies, Inc. dba Zan Associates",False,False
1057640,Final Design for US 53 and CSAH 102 in Virginia,10/08/2024,3,"Alliant Engineering, Incorporated; Stonebrooke Engineering, Inc.; Toltz, King, Duvall, Anderson and Associates, Inc.",False,False
1057866,SUE 2710-64,10/07/2024,2,"T2 UES, Inc. dba T2 Utility Engineers; Utility Mapping Services, P.C.",False,False
1057599,Toxicity Standards for the Qualified Products List,10/04/2024,1,Montana State University,False,False
1057601,Effective Pre-Treatment Methods for Events Beginning as Rain,10/04/2024,1,University of Minnesota,False,False
1057602,Salt Management Training for Non-DOT End Users,10/04/2024,2,Texas A& M Transportation Institue; University of Minnesota,False,False
1057357,Update of Systems Engineering Documentation and Regional ITS Architecture,10/03/2024,5,"AECOM Technical Services, Inc.; Alliant Engineering, Incorporated; ICF Incorporated, LLC; Kimley-Horn and Associates, Inc.; WSP USA, Inc.",False,True
1057864,0207-130 SUE TH65,09/30/2024,2,"T2 UES, Inc. dba T2 Utility Engineers; Utility Mapping Services, P.C.",False,False
1057617,Minnesota Electric Aviation Network (MEAN) Plan,09/26/2024,7,"C&S Engineers, Inc.; Crown Consulting Inc.; Intent Energy LLC; Kimley-Horn and Associates, Inc.; VMC LLC; Woolpert, Inc.; WSP USA, Inc.",False,False
1057763,2026 Transportation Asset Management Plan Update,09/19/2024,5,"AECOM Technical Services, Inc.; Applied Pacement Technology, Inc.; HNTB Corporation ; WSB LLC fka WSB & Associates, Inc.; WSP USA, Inc.",False,False
1057578,"Virtual Small Business Training, Technical Assistance & Consulting Construction Specific",09/19/2024,3,"DRB Consulting, LLC; Kortech Consulting, Inc.; Project Solutions, Inc.",False,False
1057746-47,TH 280 Multidiscipline Sign Replacement Project & TH 394 Standalone Sign Replacement Project,09/17/2024,5,"Alliant Engineering, Incorporated; HDR Engineering, Inc.; Isthmus Engineering,Incorporated; Kimley-Horn and Associates, Inc.; Toltz, King, Duvall, Anderson and Associates, Inc.",False,False
1057639,Regional Modeling/ Gap Analysis for Greenhouse Gas Emissions Assessment,09/16/2024,1,"SRF Consulting Group, Inc.",False,False
1057468,Establish and Manage a Small Business Resource Center,09/12/2024,0,No responses received,False,False
1057149,New Ulm Corridor Study,09/09/2024,7,"Alliant Engineering, Incorporated; Bolton & Menk, Inc.; HR Green, Inc.; Kimley-Horn and Associates, Inc.; KLJ Engineering LLC; Sambatek, LLC fka Sambatek, Inc.; SRF Consulting Group, Inc.",False,False
1057579,"Small Business One to One Technical Assistance – Focus on Bidding, Estimating & Plan Reading",09/09/2024,5,"A's Initiative L.L.C; Hispanic Solutions Group LLC; IMO Consulting Group Inc.; Project Solutions, Inc.; Speed Coaching LIMITED",False,False
1057332,Virginia Headquarters – Building Envelope Commissioning,09/09/2024,4,"Braun Intertec Corporation; CR-Building Performance Specialists, Incorporated; Lerch Bates Inc.; WSP USA, Inc.",False,False
1056763-66,Final Bridge Design: TH 65 Reconstruction,09/06/2024,12,"AECOM Technical Services, Inc.; Collins Engineers, Inc.; HDR Engineers, Inc.; HNTB Corporation; Kimley-Horn and Associates, Inc.; KLJ Engineering LLC; LHB, Inc.; Mead and Hunt, Inc.; Michael Baker Inernational, Inc.; Parsons Trasportation Group, Inc.; Short Elliot Hendrickson, Inc.; Toltz, King, Duvall, Anderson and Associates, Inc.",False,False
1057336,Bridge 07042 (Veterans) and 52009 Estimating and CPM Scheduling,08/30/2024,4,"AECOM Technical Services, Inc.; KCI Technologies, Inc.; SRF Consulting Group, Inc.; WSB LLC fka WSB & Associates, Inc.",False,False
1057300,Preliminary and Final Design of Roundabout at TH 44/TH 76/Kingston Street Intersection Preliminary and Final Design for TH 76 Overlay from TH 44 to TH 16,08/14/2024,6,"Kimley-Horn and Associates, Inc.; Kismet Consulting, Inc.; Rani Engineering, LLC; Sambatek, LLC fka Sambatek, Inc.; Stonebrooke Engineering, Inc.; WSB LLC fka WSB & Associates, Inc.",False,False
1057310,Final Design of 3 J-turn Intersections,08/12/2024,5,"Alliant Engineering, Incorporated; CBS Squared, Inc.; KLJ Engineering LLC; Rani Engineering, LLC; Short Elliott Hendrickson, Inc.",False,False
1057164,Hwy 169 Corridor Multimodal Study,08/01/2024,7,"Alliant Engineering, Incorporated; Bolton & Menk, Inc.; HR Green, Inc.; KLJ Engineering LLC; Short Elliott Hendrickson, Inc.; SRF Consulting Group, Inc.; WSP USA, Inc.",False,False
1057094,Twin Cities-Fargo/Moorhead Transportation Corridor Study,07/23/2024,1,HNTB Corporation,False,False
1056682,Use of Innovative Sustainable and Durable Materials in Concrete Pavements,07/23/2024,4,"Applied Pavement Technology, Inc.; Beton Consulting Engineers, LLC; University of Minnesota Duluth Continuing Education; University of St. Thomas",False,False
1057023,TH 55 Preferred Alternative selection and Complete Streets Preliminary Design,07/16/2024,5,"Bolton & Menk, Inc.; HDR Engineering, Inc.; Kimley-Horn and Associates, Inc.; Short Elliott Hendrickson, Inc.; SRF Consulting Group, Inc.",False,False
1057014,Bat Presence / Probable Absence Surveys,07/11/2024,1,Stantec Consulting Services Inc.,False,True
1057141,National Environmental Policy Act (NEPA) for National Electric Vehicle Infrastructure (NEVI),07/10/2024,12,"Alliant Engineering, Incorporated; Bolton & Menk, Inc.; HR Green, Inc.; Kimley-Horn and Associates, Inc.; KLJ Engineering LLC; SRF Consulting Group, Inc.; Stantec Consulting Servies Inc.; Stonebrooke Engineering, Inc.; Toltz, King, Duvall, Anderson and Associates, Inc.; Ulteig Engineers, Inc.; WSB LLC fka WSB & Associates, Inc.; WSP USA, Inc.",False,False
1057027,Bridge Asset Management Templates,07/09/2024,2,"Michael Baker International, Inc.; WSP USA, Inc.",False,False
1057013,Bat Habitat Assessments and Surveys,07/08/2024,1,Stantec Consulting Services Inc.,False,True
1056494,Concrete Testing 2024-2027,07/08/2024,2,"American Engineering Testing, Inc.; Braun Intertec Corporation",False,False
1056112,Statewide Bicycle + System Plan,07/02/2024,4,"Alta Planning + Design, Inc.; Bolton & Menk, Inc.; SRF Consulting Group, Inc.; Toole Design Group, LLC",False,True
1056639,Owners Project Representative - District 1 Virginia Headquarters - Campus Redevelopment Project,06/20/2024,2,"Loeffler Construction & Consulting of Oklahoma, LLC; ORB Management Corp",False,False
1057089,Navigation System Maintenance – Multi-Award,06/17/2024,1,"DBT Transportation Services, LLC",False,True
1056284,Roadway Design and Preparation of a Final Plan-Set for the Bridge Replacement and Bridge Overlay Project on TH 94,06/12/2024,10,"Alliant Engineering, Incorporated; CBS Squared, Inc.; HR Green, Inc.; Kismet Consulting, Inc.; KLJ Engineering LLC; LHB, Inc.; Michael Baker International, Inc.; Sambatek, LLC fka Sambatek, Inc.; Short Elliot Hendrickson, Inc.; Toltz, King, Duvall, Anderson and Associates, Inc.",False,False
1056325,"Phase I Environmental Site Assessment, Phase II Drilling Investigation/Limited Site Investigation, Pre-Construction Assistance, Construction Monitoring Osceola Bridge Replacement",06/04/2024,1,"Bay West, LLC",False,False
1056960,Bridges 69839 & 69840 Repair Design,06/03/2024,1,"Toltz, King, Duvall, Anderson and Associates, Inc.",False,False
1056538,Independent Technical Review (ITR) for State Project (SP) 3408-95,05/31/2024,3,"Alliant Engineering, Incorporated; Stonebrooke Engineering, Inc.; Toltz, King, Duvall, Anderson and Associates, Inc.",False,False
1056652,TH 10 Corridor and Interchange Preliminary Design,05/28/2024,3,"Alliant Engineering, Incorporated; KLJ Engineering LLC; WSB LLC fka WSB & Associates, Inc.",False,False
1055682,I-494 Airport to Th 169 EA-Reevaluation and Phase 2 Preliminary design,05/15/2024,2,"Short Elliott Hendrickson, Inc.; WSB LLC fka WSB & Associates, Inc.",False,False
1056710,Statewide Underwater Bridge Inspections,05/14/2024,1,"Collins Engineers, Inc.",False,False
1056767,I494 SP 1986-47 Beaver Pond Repair Design,05/10/2024,3,"HZ United, LLC; Kismet Consulting, Inc.; Rani Engineering, LLC",False,False
1056380,SUE for State Project 1901-203 TH 13,05/09/2024,2,"T2 UES, Inc. dba T2 Utility Engineers; Utility Mapping Services, P.C.",False,False
1056467,Understanding Work Zone Delineation for Lane Keeping Systems,05/08/2024,3,"SRF Consulting Group, Inc.; Texas A&M Transportation Institute; Transportation Engineering Solutions and Technologies, Inc.",False,True
1056576,Legal Services for Intercity Passenger Rail Contract Negotiations,05/07/2024,2,Ashurst LLP; Kaplan Kirsch & Rockwell LLP,False,False
1056492,Active Transportation Safety Training Program,05/07/2024,2,"Alta Planning + Design, Inc.; Toole Design Group, LLC",False,False
1056450,US 10 Pavement Rehabilitation and J-Turn,05/02/2024,6,"Alliant Engineering, Inccorporated; CBS Squared, Inc.; HR Green, Inc.; Moore Engineering, Inc.; Sambatek, LLC fka Sambatek, Inc.; Short Elliott Hendrickson, Inc.",False,False
1055507,Bridge 27914 Superstructure and Pier Ratings,05/02/2024,6,"Bloom Companies, LLC; HDR Engineering, Inc.; HNTB Corporation; Michael Baker International, Inc.; Short Elliott Hendrickson, Inc.; WSP USA, Inc.",False,False
1055751,Trunk Highway 73 Corridor Study in Chisholm,04/30/2024,5,"Alliant Engineering, Incorporated; HR Green, Inc.; KLJ Engineering LLC; SRF Consulting Group, Inc.; Toltz, King, Duvall, Anderson and Associates, Inc.",False,False
1056372,Bridge 69913 (Blatnik Replacement): Pile Load Tests and Proposed Pier Investigations,04/29/2024,2,"Ames Construction, Inc.; Lunda Construction Company",False,False
1055729,Statewide Pedestrian Bridge Improvements Design Build Construction Verification,04/29/2024,3,"Bolton & Menk, Inc.; Professional Engineering Services, LTD.; WSB LLC fka WSB & Associates, Inc.",False,False
1056370,Blatnik Cultural Monitoring of Early Pier Excavations,04/25/2024,3,"Bolton & Menk, Inc.; Dirt Divers Cultural Resource Management LLC; KLJ Engineering LLC",False,False
1055332,Greater Minnesota Transit Plan,04/25/2024,2,"SRF Consulting Group, Inc.; Toole Design Group, LLC",False,False
1056133,"Public Engagement and Communications, Highway 169 Jordan Interchange",04/22/2024,2,"HDR Engineering, Inc.; SRF Consulting Group, Inc.",False,False
1056104,Final Design Plan Set,04/18/2024,4,"Alliant Engineering, Incorporated; Kimley-Horn and Associates, Inc.; KLJ Engineering LLC; SRF Consulting Group, Inc.",False,False
1055940,Stone Arch Inspection Divers,04/15/2024,1,"Collins Engineers, Inc.",False,False
1056305,"Independent Cost Estimating and Scheduling Services, Blatnik Bridge Project",04/12/2024,3,"KCI Technologies, Inc.; Kelly McNutt Consulting, LLC; LAK Technology Inc. dba Empowers Staffing Inc.",False,False
1055728,Statewide Pedestrian Bridge Improvement Design Build Verification,04/11/2024,2,"HDR Engineering, Inc.; Toltz, King, Duvall, Anderson and Associates, Inc.",False,False
1056134,TH13 Corridor,04/11/2024,2,"Bolton & Menk, Inc.; HDR Engineering, Inc.",False,False
1056120,Hwy 8 Corridor Planning Study,04/11/2024,5,"HR Green, Inc.; Short Elliott Hendrickson, Inc.; SRF Consulting Group, Inc.; WSB LLC fka WSB & Associates, Inc.; Z Companies, Inc. dba Zan Associates",False,False
1055975,Pedestrian and Bicycle Facility Design Trainings for 2024 - 2026,04/08/2024,2,"Alta Planning + Design, Inc.; Toole Design Group, LLC",False,False
1056182/83,TH55 and US10 Video Inspection Project,04/05/2024,1,"Hydro-Klean, LLC",False,False
1051452,"Veteran’s Memorial Bridge 07042 Re-deck, Bridge 52009 Preservation",04/04/2024,4,"HDR Engineering, Inc.; Michael Baker International, Inc.; Short Elliott Hendrickson, Inc.; WSB LLC fka WSB & Associates, Inc.",False,False
1056176/77,I35W and US169 Video Inspection Project,04/03/2024,1,"Hydro-Klean, LLC",False,False
1055961,Asbestos and Regulated Waste Construction Monitoring Oversight  Blatnik Bridge Replacement – TH 535,04/03/2024,1,Braun Intertec Corporation,False,False
1056224,Region 5/7E Long Range Transportation Plans,04/02/2024,4,"Bolton & Menk, Inc.; SRF Consulting Group, Inc.; Toltz, King, Duvall, Anderson and Associates, Inc.; WSB LLC fka WSB & Associates, Inc.",False,False
1056150,Spill Response Project Management Assistance,04/01/2024,1,"WSP USA Environment & Infrastructure Inc. fka Wood Environment & Infrastructure Solutions, Inc.",False,False
1056240,Hwy 97 Forest Lake Communications and Outreach Project,03/28/2024,3,"Goff Public, Inc.; Sambatek, LLC fka Sambatek, Inc.; WSB LLC fka WSB & Associates, Inc.",False,False
1055915,TH 55 Preferred Alternative selection and Complete Streets Preliminary Design,03/28/2024,1,Removed from site/cancelled,False,False
1056151,Traffic Safety Strategy Evaluations: Fiscal Year 2024-2029,03/26/2024,4,"Cambridge Mobile Telematics Inc.; HDR Engineering, Inc.; Iowa State University; SRF Consulting Group, Inc.",False,False
1055801,TH65 Blaine Interchanges Project,03/25/2024,3,"SRF Consulting Group, Inc.; Toltz, King,Ducall, Anderson and Associates, Inc.; WSB LLC fka WSB & Associates, Inc.",False,False
1056023/24,Metro Water Resources Design and MS4 Assistance,03/25/2024,6,"HR Green, Inc.; Sambatek, LLC fka Sambatek, Inc.; Short Elliott Hendrickson, Inc.; SRF Consulting Group, Inc.; Toltz, King, Duvall, Anderson, and Associates, Inc.; WSB LLC fka WSB & Associates, Inc.",False,False
1055789,Blatnik Bridge Subsurface Utility Engineering,03/21/2024,2,"T2 UES, Inc. dba T2 Utility Engineers; Utility Mapping Services, P.C.",False,False
1056116,Gopher State One Call Utility Locating Services,03/21/2024,1,"USIC Locating Services, LLC",False,False
1055674,2024 District One Plant Monitoring,03/14/2024,1,"WSB LLC fka WSB & Associates, Inc.",False,False
1056056,Statewide Foundation Borings,03/13/2024,1,American Engineering Testing Inc.,False,False
1056239,New MnDOT Virginia Truck Station - MnDOT Building Number 90169,03/11/2024,0,No responses received,False,False
1054706,I-94 Corridor Study in Moorhead,03/01/2024,5,"Bolton & Menk, Inc.; HDR Engineering, Inc.; KLJ Engineering LLC; SRF Consulting Group, Inc.; Stantec Consulting Services Inc.",False,False
1055223,Continuous Bituminous Pavement Stripping Assessment through Non-Destructive Testing,02/29/2024,3,"Advanced Infrastructure Design, Inc.; Infrasense, Inc.; Michigan Technological University",False,False
1054464,Detail Design for State Project (SP) 3408-95,02/08/2024,2,"Isthmus Engineering, Inc.; WSB LLC fka WSB & Associates, Inc.",False,False
1055710,Hi-Lake Construction Inspection 2024,02/08/2024,2,"Alliant Engineering, Incorporated; WSB LLC fka WSB & Associates, Inc.",False,False
1055418,SP 2680-50 Construction and Plant Inspection and Material Testing - REPOSTED,02/02/2024,3,"Apex Engineering Group, Inc.; KLJ Engineering LLC; WSB LLC fka WSB & Associates, Inc.",False,False
1055676,CO ADA Design Assistance – Multi-Award,01/31/2024,8,"Alliant Engineering, Incorporated; Isthmus Engineering, Inc.; Moore Engineering, Inc.; Short Elliott Hendrickson, Inc.; Stonebrooke Engineering, Inc.; Toltz, King, Duvall, Anderson and Associates, Inc.; WHKS & Co., Inc.; WSB LLC fka WSB & Associates, Inc.",False,False
1055489,"SP 1809-98, TH 371/210 Improvements – Construct a Grade Separation",01/30/2024,5,"Bolton & Menk, Inc.; KLJ Engineering LLC; Sambatek, LLC fka Sambatek, Inc.; Short Elliott Hendrickson, Inc.; WSB LLC fka WSB & Associates, Inc.",False,False
1055363,Metro Construction Projects,01/29/2024,1,"Professional Engineering Services, Ltd.",False,False
1055583,SP 1401-177 Environmental Compliance Manager and Critical Path Schedule Coordinator,01/24/2024,3,"Professional Engineering Services, Ltd.; SRF Consulting Group, Inc.; Stantec Consulting Services Inc.",False,False
1055585,Determining a Cost Driven Transportation Maintenance and Operations Distribution and Needs Process,01/23/2024,3,"Applied Pavement Technology, Inc.; Mott MacDonald, LLC; SRF Consulting Group, Inc.",False,False
1055671,Preliminary and Final Design of Roundabout at TH 57 and CSAH 16 Intersection in Dodge County,01/19/2024,3,"Alliant Engineering, Incorporated; Kimley-Horn and Associates, Inc.; Stantec Consulting Services Inc.",False,False
1055381,Blatnik Bridge Preliminary Design Peer Review,01/17/2024,4,"AECOM Technical Services, Inc.; HDR Engineering, Inc.; Modjeski & Masters, Inc.; WSP USA, Inc.",False,False
1055414,Inverted T Standards Development,01/16/2024,2,"HDR Engineering, Inc.; Michael Baker International, Inc.",False,False
1055418,SP 2680-50 Construction and Plant Inspection and Material Testing,01/09/2024,0,No responses received,False,False
1055249,SP 6111-26 Construction and Plant Inspection and Material Testing,01/08/2024,1,"WSB LLC fka WSB & Associates, Inc.",False,False
1055480,I-94 Dartmouth Bridge Communications and Outreach,12/22/2023,3,"HDR Engineering, Inc.; Goff Public, Inc.; Z Companies, Inc. dba Zan Associates",False,False
1054932,D4 Plant Inspection,12/21/2023,1,"WSB LLC fka WSB & Associates, Inc.",False,False
1055380,Baudette Construction Administration,12/15/2023,1,HDR Construction Control Corporation,False,False
1055085,Preliminary and Final Design of Roundabout at TH 63/TH247/CSAH 12 Intersection,12/15/2023,4,"Alliant Engineering, Incorporated; HDR Engineering, Inc.; Kimley-Horn and Associates, Inc.; Stantec Consulting Services Inc.",False,False
1055113,US 52-TH 55-CR 42 Roadway Jurisdictional Study and Network Analysis,12/07/2023,3,"KLJ Engineering LLC; Short Elliot Hendrickson, Inc.; SRF Consulting Group, Inc.",False,False
1055141,Minnesota Zero Emissions Vehicle Infrastructure Plan,12/06/2023,6,"AECOM Technical Services, Inc.; HDR Engineering, Inc.; ICF Incorporated, LLC; SRF Consulting Group, Inc.; Stantec Consulting Services Inc.; Quetica, LLC",False,False
1054680,I 94 WB Concrete Resurfacing,12/04/2023,5,"Alliant Engineering, Incorporated; CBS Squared, Inc.; SRF Consulting Group, Inc.; Toltz, King, Duvall, Anderson and Associates, Inc.; WSB LLC fka WSB & Associates, Inc.",False,False
1054980,TH 29 Reconstruction through the City of Alexandria,11/28/2023,3,"CBS Squared, Inc.; SRF Consulting Group, Inc.; Stonebrooke Engineering, Inc.",False,False
1054832,Consulting Contract for Airport AWOS Construction,11/20/2023,3,"Bollig, Inc.; Bolton & Menk, Inc.; Mead and Hunt, Inc.",False,False
1054972,Geometric Layout and Detail Design for State Project (SP) 4302-97,11/13/2023,5,"CBS Squared, Inc.; HR Green, Inc.; SRF Consulting Group, Inc.; Stonebrooke Engineering, Inc.; Toltz, King, Duvall, Anderson and Associates, Inc.",False,False
1054386,Federal Discretionary Grant Application,11/13/2023,10,"AECOM Technical Services, Inc.; Bolton & Menk, Inc.; HNTB Corporation; Kimley-Horn and Associates, Inc.; KLJ Engineering LLC; SRF Consulting Group, Inc.; Stantec Consulting Services Inc.; WSB LLC fka WSB & Associates, Inc.; WSP USA, Inc.; Z Companies, Inc. dba Zan Associates",False,False
1054241 - REPOSTED,2024 Lighting and Signal Pole Inspection - REPOSTED,11/13/2023,3,"American Engineering Testing Inc.; Professional Engineering Services, Ltd.; SRF Consulting Group, Inc.",False,False
1054500,Rethinking I-94 Community and Stakeholder Engagement,11/09/2023,3,"Neoo Partners Inc.; SDK Communications, LLC; Z Companies, Inc. dba Zan Associates",False,False
1054917,Safe Routes to School (SRTS) Design Assistance,11/07/2023,3,"Short Elliott Hendrickson, Inc.; SRF Consulting Group, Inc.; Toole Design Group, LLC",False,False
1054901,Green Stormwater Infrastructure (GSI) Development,11/06/2023,5,"Professional Engineering Services, Ltd.; Rani Engineering, LLC; SRF Consulting Group, Inc.; Stantec Consulting Services Inc.; Young Environmental Consulting Group LLC",False,False
1054912/1054913,Signal Optimization Assistance_1,11/06/2023,2,"Alliant Engineering, Incorporated; SRF Consulting Group, Inc.",False,False
1054241,2024 Lighting and Signal Pole Inspection,10/27/2023,2,"American Engineering Testing Inc.; SRF Consulting Group, Inc.",False,False
1054811,"TH 210, Mill and Overlay, Roundabout, Replace Bridge 8809",10/24/2023,4,"Alliant Engineering, Incorporated; CBS Squared, Inc.; Kismet Consulting, Inc.; Short Elliott Hendrickson, Inc.",False,False
1054899,Certified Small Business Development Classes,10/19/2023,2,"Professional Engineering Services, ltd.; Roads Consulting Group LLC",False,False
1053991,"Design for Reconstruction of US 14 & Broadway Avenue Intersection in Rochester, MN",10/18/2023,4,"Alliant Engineering, Incorporated; Short Elliott Hendrickson, Inc.; Stonebrooke Engineering, Incorporated; WSB LLC fka WSB & Associates, Inc.",False,False
1054826,Fosston Final Design,10/06/2023,5,"HR Green, Inc.; Moore Engineering, Inc.; Short Elliott Hendrickson, Inc.; Stonebrooke Engineering, Inc.; Toltz, King, Duvall, Anderson and Associates, Inc.",False,False
1051207,Dilworth Complete Streets,10/06/2023,6,"Alliant Engineering, Incorporated; Bolton & Menk, Inc.; Isthmus Engineering, Inc.; Kimley-Horn and Associates, Inc.; KLJ Engineering LLC; Short Elliott Hendrickson, Inc.",False,False
1054737,Complete Streets Technical Training,10/05/2023,4,"Alta Planning + Design, Inc.; Professional Engineering Services, Ltd.; SRF Consulting Group, Inc.; Z Companies, Inc. dba Zan Associates",False,False
1054739,Construction Inspection for SP 5624-20,10/02/2023,2,"Apex Engineering Group, Inc.; WSB LLC fka WSB & Associates, Inc.",False,False
1054351,Construct Roundabout at the US 71 and TH 210 Intersection,09/28/2023,8,"Alliant Engineering, Incorporated; Kimley-Horn and Associates, Inc.; Mead and Hunt, Inc.; Short Elliott Hendrickson, Inc.; SRF Consulting Group, Inc.; Stantec Consulting Services Inc.; Stonebrooke Engineering, Inc.; Toltz, King, Duvall, Anderson and Associates, Inc.",False,False
1054000,Feasibility Study and Preliminary Design for State Project (SP) 8701-40,09/27/2023,3,"Alliant Engineering, Incorporated; HDR Engineering, Inc.; Toltz, King, Duvall, Anderson and Associates, Inc.",False,False
1054221-REPOSTED,Sturgeon Reclaim and Bridge Replacement Project-REPOSTED,09/21/2023,5,"Alliant Engineering, Incorporated; KLJ Engineering LLC; Short Elliott Hendrickson, Inc.; SRF Consulting Group, Inc.; Stonebrooke Engineering, Inc.",False,False
1054026,Consultant Geometric Layout and Final Design for SP 8611-29,09/14/2023,5,"Alliant Engineering, Incorporated; HDR Engineering, Inc.; KLJ Engineering LLC; SRF Consulting Group, Inc.; WSB LLC fka WSB & Associates, Inc.",False,False
1054110,Development of a Public Service Announcement Library,09/08/2023,3,"Background Stories Co.; Goff Public, Inc.; Montana State University",False,False
1054111,Quantifying the Economic Value of Snow and Ice Operational Success,09/08/2023,2,"AECOM Technical Services, Inc.; Bolton & Menk, Inc.",True,False
1054112,Updating the Impact of Capital Projects Decision Support Tool,09/08/2023,1,University of Vermont,False,True
1054113,Using Vegetation Management Practices Near Roads to Leverage the Benefits of Solar Radiation,09/08/2023,1,"Bolton & Menk, Inc.",False,False
1053999,Preliminary and Detail Design for State Project (SP) 4302-97,09/08/2023,4,"HR Greene, Inc.; SRF Consulting Group, Inc.; Stonebrooke Engineering, Inc.; Toltz, King, Duvall, Anderson and Associates, Inc.",False,False
1054183,Work Zone Training Plan - Phases 2/3,09/07/2023,1,"SRF Consulting Group, Inc.",False,False
1054266-1054270,Specialized Hauling Vehicle (SHV) Load Ratings,09/07/2023,10,"AI Engineers, Inc.; Bloom Companies, LLC; Collins Engineers, Inc.; HDR Engineering, Inc.; LHB, Inc.; SRF Consulting Group, Inc.; Stantec Consulting Services Inc.; Stonebrooke Engineering, Inc.; Toltz, King, Duvall, Anderson and Associates, Inc.; Widseth Smith Nolting & Associates Inc.",False,False
1054160,Buses Electrified to Travel Efficiently in Rural (BETTER) Minnesota Communities,09/06/2023,2,"AECOM Technical Services, Inc.; Center for Transportation and the Environment, Inc.",False,False
1054214,Pathways to Success,08/28/2023,1,"DRB Consulting, LLC",False,False
1054215,Alternative Dispute Resolution Training,08/24/2023,1,Conflict Resolution Center,False,False
1054012,Interstate 90 and 35 Interchange Improvement Scoping and Preliminary Design,08/24/2023,5,"Alliant Engineering, Incorporated; HDR Engineering, Inc.; Short Elliot Hendrickson, Inc.; SRF Consulting Group, Inc.; WSB & Associates, Inc",False,False
1054174,Asbestos Abatement for Building Demolitions/Moves 16 Parcels - Wadena and Cambridge,08/22/2023,3,"Mavo Systems, Inc.; Twell Environmental, Incorporated; VCI Environmental, Inc.",False,False
1054083,"Regulated Waste Removal, Well Sealing and Subsurface Treatment System Closure – Wadena (S.P. 8001-44) and Cambridge (S.P. 3006-39)",08/21/2023,1,Braun Intertec Corporation,False,False
1054224,Metro Pedestrian Bridge Shelf Project Evaluation,08/17/2023,2,"Isthmus Engineering, Inc.; Stonebrooke Enineering, Inc.",False,False
1243,Post Letting Services,08/10/2023,8,"Apex Engineering Group, Inc.; Bloom Companies, LLC; Bolton & Menk, Inc.; HDR Engineering, Inc.; Short Elliot Hendrickson, Inc.; SRF Consulting Group, Inc.; Stantec Consulting Services Inc.; WSB & Associates, Inc.",False,False
1054221,Sturgeon Reclaim and Bridge Replacement Project,08/10/2023,4,"Alliant Engineering, Incorporated; KLJ Engineering LLC; Short Elliott Hendrickson, Inc.; SRF Consulting Group, Inc.",False,False
1053376,Concrete Box Girder Post-Tentioned Tendon Investigation and Remedial Repairs,08/10/2023,1,"Vector Corrosion Services, Inc.",False,False
1054081,Asbestos and Regulated Waste Assessment and Oversight Wadena (S.P. 8001-44) and Cambridge (S.P. 3006-39),08/07/2023,3,"Bay West, LLC; Braun Intertec Corporation; Legend Technical Services, Inc.",False,False
1053763,Design Review of Highway Projects in District 6,07/28/2023,2,"Isthmus Engineering, Inc.; Professional Engineering Services, Ltd.",False,False
1054109,Dunwoody Bridge Project: Rehab and Preservation Design,07/27/2023,3,"Michael Baker International, Inc.; SRF Consulting Group, Inc.; Toltz, King, Duvall, Anderson and Associates, Inc.",False,False
1053139,Highway Heavy Instructional Training for Small Businesses and Individuals - Erosion Control,07/25/2023,2,"Professional Enginerring Services, Ltd.; Project Solutions, Inc.",False,False
1053951,Consultant Services for Administrative Support of the Minnesota Council on Transportation Access (MCOTA),07/20/2023,3,"Toltz, King, Duvall, Anderson and Associates, Inc.; University of Minnesota; Z Companies, Inc. dba Zan Associates",False,False
1053898,Repairs of Bridges 69839 and 69840,07/19/2023,2,"MSA Professional Services, Inc.; Toltz, King, Duvall, Anderson and Associates, Inc.",False,False
1053917,Crookston ADA Retrofit,07/18/2023,5,"Alliant Engineering Incorporated; HDR Engineering, Inc.; KLJ Engineering LLC; SRF Consulting Group, Inc.; Toltz, King, Duvall, Anderson and Associates, Inc.",False,False
1053175,Preliminary and Final Design Plan Set,07/17/2023,2,"Bolton & Menk, Inc.; SRF Consulting Group, Inc.",False,False
1053930,"US 169, Construction Roundabout at the TH 27 Intersection in South Harbor Township North of Onamia",07/17/2023,3,"Alliant Engineering Incorporated; KLJ Engineering LLC; LHB, Inc.",False,False
"1053708, 1053735",Metro Design Assistance,07/17/2023,7,"Alliant Engineering Incorported; CBS Squared, Inc.; HDR Engineering, Inc.; HNTB Corporation; Isthmus Engineering, Inc.; Short Elliott Hendrickson, Inc.; Toltz, King, Duvall, Anderson and Associates, Inc.",False,False
"1053176, 1053177, 1053178",Preliminary and Final Bridge Design: I-35W Burnsville Corridor,06/15/2023,11,"HDR Engineering, Inc.; Kaskaskia Engineering Group, LLC; Kimley-Horn and Associates, Inc.; KLJ Engineering LLC; Mead and Hunt, Inc.; Michael Baker International, Inc.; Short Elliott Hendrickson, Inc.; SRF Consultaint Group, Inc.; Stantec Consulting Services Inc.; Toltz, King, Duvall, Anderson and Associates, Inc.; WSB & Associates, Inc.",False,False
1053712,"TH 15, Replace Bridge #05003 over US 10 in Sauk Rapids",06/13/2023,6,"Alliant Engineering Incorporated; Sambatek, LLC; Short Elliott Hendrickson, Inc.; SRF Consulting Group, Inc.; Stonebrooke Engineering, Inc.; Toltz, King, Duvall, Anderson and Associates, Inc.",False,False
1053553,Airport Pavement Management System Update,06/06/2023,2,"Applied Pavement Technology, Inc.; Applied Research Associates, Inc.",False,False
1053147,Statewide Miscellaneous Sampling and/or Emergency Removal for MnDOT Facilities and Sites,06/05/2023,5,"American Engineering Testing, Inc.; Bay West, LLC; Braun Intertec Corporation; Legend Technical Services, Inc.; WSB & Associates, Inc.",False,False
1053570,"Scoping for Improvement of US14 & W. Circle Dr. and US14/52 & 2nd St. Interchanges in Rochester, MN",06/05/2023,3,"Kimley-Horn and Associates, Inc.; Short Elliott Hendrickson, Inc.; Stonebrooke Engineering, Inc.",False,False
1053370,Highway 7 Corridor Study,05/18/2023,3,"Alliant Engineering, Inc. ; KLJ Engineering, LLC; SRF Consulting Group, Inc.",False,False
1052876,Walker Corridor Study,05/12/2023,7,"Alliant Engineering, Inc.; Bolton & Menk, Inc.; HDR Engineering, Inc.; HR Green, Inc.; KLJ Engineering, LLC; SRF Consulting Group, Inc.; WSB & Associates, Inc.",False,False
1053396,"Pre-Employment Physical Evaluations, Functional Assessment and Medical Services",05/12/2023,1,Concentra Medical Centers,False,False
1053369,Safe Routes to School Planning Assistance,05/11/2023,1,"Alta Planning + Design, Inc.",False,False
1053010,TH47 Complete Streets Community Engagement and Preliminary Design,05/11/2023,5,"Alliant Engineering, Inc.; HNTB Corporation; Kimley-Horn and Associates, Inc.; Short Elliott Hendrickson, Inc.; WSB & Associates, Inc.",False,False
1053038,Clear Roads Project Management,05/10/2023,2,"CTC & Associates, LLC; WSB & Associates, Inc.",True,False
1052865,MN Local Road Safety Regional Workshop,05/02/2023,3,"HDR Engineering, Inc.; SRF Consulting Group, Inc.; Toole Design Group, LLC",False,False
1053209,Collaborative Facilitator,05/01/2023,2,"Stonebrooke Engineering, Inc,; Zan Associates",False,False
1053234,Walk!Bike!Fun! Pedestrian and Bicycle Safety Education Implementation,04/27/2023,1,Bicycle Alliance of Minnesota,False,False
1053071,Employment Verification Checks (EVC),04/25/2023,4,"Albin Acquisition Corporation dba Trusted Employees; True Value Screening LLC dba Veritable Screening; TrueView BSI, LLC; USAFact, Inc.",False,False
1053137,2025-2029 Strategic Highway Safety Plan,04/24/2023,1,"Alliant Engineering, Inc.",False,False
1052665,2023 Innovative Idea Program,04/19/2023,7,"AECOM Technical Services, Inc. (1); Alliant Engineering, Inc. (2); Athey Creek Consultants (2); Bolton & Menk, Inc. (3); INVISION AI, Inc. (1); SRF Consulting Group, Inc. (6); WSP, Inc. (1)",False,False
1052537,TH 61 Grand Marais Culverts and Bridges,04/18/2023,0,No responses received,False,False
1052474,Final Design and Data Collection: TH 25 Monticello to Buffalo,04/12/2023,5,"Alliant Engineering, Inc.; Bolton & Menk, Inc.; Sambatek, LLC; SRF Consulting Group, Inc.; WSB & Associates, Inc.",False,False
1053054,Robert Street Resurfacing Project,04/12/2023,4,"Alliant Engineering, Inc.; KLJ Engineering, LLC; Short Elliott Hendrickson, Inc.; SRF Consulting Group, Inc.",False,False
1052579,Blatnik Preliminary Geotechnical Drilling,04/11/2023,1,"American Engineering Testing, Inc.",False,False
1052299,Audiometric and Respirator Fit Testing - REPOSTED,04/10/2023,1,Med Compass Mobile Health Services,False,False
